DROP TABLE STUDENT;
DROP TABLE COURSE;
DROP TABLE FEE;

DROP TABLE SEATS;
DROP TABLE SEATCATEGORIES;
DROP TABLE STADIUM;

CREATE TABLE STUDENT (
    STUDENT_ID NUMBER(10) PRIMARY KEY,
    STUDENT_NAME VARCHAR2(20)
);



CREATE TABLE COURSE (
    COURSE_FEE NUMBER(10) PRIMARY KEY,
    COURSE_NAME VARCHAR2(20)
);

CREATE TABLE FEE(
    STUDENT_ID NUMBER(10),
    COURSE_FEE NUMBER(10) ,
    FOREIGN KEY (STUDENT_ID) REFERENCES student(STUDENT_ID),
   FOREIGN KEY(COURSE_FEE) REFERENCES COURSE(COURSE_FEE)
);



INSERT INTO STUDENT VALUES (1, 'SURYA');
INSERT INTO STUDENT VALUES (2, 'GOWTHAM');
INSERT INTO STUDENT VALUES (3, 'ANUSHKA');
INSERT INTO STUDENT VALUES (4, 'KIRAN');
INSERT INTO STUDENT VALUES (5, 'KAVYA PAPA');
INSERT INTO STUDENT VALUES (6, 'SHREYES');
INSERT INTO STUDENT VALUES (7, 'RADHIKA');
INSERT INTO STUDENT VALUES (8, 'PREETHI');
INSERT INTO STUDENT VALUES (9, 'NITISH');
INSERT INTO STUDENT VALUES (10, 'ABHISHEK');


INSERT INTO COURSE VALUES (3000, 'SQLSERVER');
INSERT INTO COURSE VALUES (4000, 'ORACLE');
INSERT INTO COURSE VALUES (5000, 'JAVA');
INSERT INTO COURSE VALUES (6000, 'PHYTHON');
INSERT INTO COURSE VALUES (7000, '.NET');



INSERT INTO FEE VALUES (1, 5000);
INSERT INTO FEE VALUES (2, 4000);
INSERT INTO FEE VALUES (3, 5000);
INSERT INTO FEE VALUES (4, 3000);
INSERT INTO FEE VALUES (5, 4000);
INSERT INTO FEE VALUES (6, 7000);
INSERT INTO FEE VALUES (7, 6000);
INSERT INTO FEE VALUES (8, 4000);
INSERT INTO FEE VALUES (9, 7000);
INSERT INTO FEE VALUES (10, 5000);


CREATE TABLE STADIUM (
    STADIUM_ID     NUMBER(10) PRIMARY KEY,
    STADIUM_NAME   VARCHAR2(20),
    LOCATION       VARCHAR2(20),
    CAPACITY      NUMBER(10)
);


CREATE TABLE SEATCATEGORIES (
    CATEGORY_ID    NUMBER(10) PRIMARY KEY,
    CATEGORY_NAME  VARCHAR2(20),
    PRICE          NUMBER(10)
);


CREATE TABLE SEATS (
    STADIUM_ID    NUMBER(10) REFERENCES stadium(STADIUM_ID),
    SEAT_NUMBER   VARCHAR2(10),
    CATEGORY_ID    NUMBER(10) REFERENCES SEATCATEGORIES(CATEGORY_ID)
);


INSERT INTO STADIUM VALUES (1, 'EDEN GARDENS', 'KOLKATA', 66000);
INSERT INTO STADIUM VALUES (2, 'UPPAL', 'HYDERABAD', 55000);


INSERT INTO SEATCATEGORIES VALUES (1, 'VIP', 5000);
INSERT INTO SEATCATEGORIES VALUES (2, 'PREMIUM', 3000);
INSERT INTO SEATCATEGORIES VALUES (3, 'GENERAL', 1500);


INSERT INTO SEATS VALUES (1, 'A105', 2);
INSERT INTO SEATS VALUES (1, 'A110', 3);
INSERT INTO SEATS VALUES (1, 'A120', 1);
INSERT INTO SEATS VALUES (2, 'B101', 2);





CREATE TABLE CUSTOMERS (
    CUSTOMERID   NUMBER(10) PRIMARY KEY,
    CUSTOMRNAME  VARCHAR2(10)
);

INSERT INTO CUSTOMERS  VALUES (1, 'SURYA');
INSERT INTO CUSTOMERS  VALUES (2, 'ANUSHKA');
INSERT INTO CUSTOMERS  VALUES (3, 'KIRAN');
INSERT INTO CUSTOMERS  VALUES (4, 'KAVYA');
INSERT INTO CUSTOMERS  VALUES (5, 'GOWTHAM');

CREATE TABLE ORDERS (
    ORDERID     NUMBER(10) PRIMARY KEY,
    CUSTOMERID  NUMBER(10) REFERENCES CUSTOMERS(CUSTOMERID),
    ORDERDATE   DATE,
    TOTAMOUNT   NUMBER(10)
);

INSERT INTO ORDERS VALUES (101, 1, '12-JAN-2024', 850);

INSERT INTO ORDERS VALUES (102, 2, '18-MAR-2024', 900);

INSERT INTO ORDERS VALUES (103, 4, '22-DEC-2024', 700);

INSERT INTO ORDERS VALUES (104, 1, '08-MAR-2024', 600);

INSERT INTO ORDERS VALUES (105, NULL,'27-APR-2024', 300);

INSERT INTO ORDERS VALUES (106, 2, '16-APR-2024', 1000);




CREATE TABLE EMPLOYEES1 (
    EMPID NUMBER(10) PRIMARY KEY,
    ENAME VARCHAR2(10)
);


INSERT INTO EMPLOYEES1 VALUES (1, 'SURYA');
INSERT INTO EMPLOYEES1 VALUES (2, 'KAVYA');
INSERT INTO EMPLOYEES1 VALUES (3, 'ANUSHKA');
INSERT INTO EMPLOYEES1 VALUES (4, 'KIRAN');

CREATE TABLE PROJECTS (
    PID   NUMBER(10) PRIMARY KEY,
    PNAME VARCHAR2(30),
    EMPID NUMBER(10) REFERENCES EMPLOYEES1(EMPID)
);

INSERT INTO PROJECTS VALUES (101, 'SENTIMENT ANALYSIS', 3);
INSERT INTO PROJECTS VALUES (102, 'ONLINE VOTING SYSTEM', 1);
INSERT INTO PROJECTS VALUES (103, 'MOBILE APP DEVELOPMENT', 2);
INSERT INTO PROJECTS VALUES (104, 'EMPLOYEE PAYROLL', 1);
INSERT INTO PROJECTS VALUES (105, 'BANK ACCOUNT SYSTEM', NULL);
COMMIT;

SELECT * FROM STUDENT S, FEE F WHERE S.STUDENT_ID = F.STUDENT_ID;

select SEAT_NUMBER AS SEATNO, CATEGORY_NAME AS CATEGORYNAME
from SEATS S, SEATCATEGORIES SC, STADIUM ST
WHERE S.CATEGORY_ID = SC.CATEGORY_ID
AND S.STADIUM_ID = ST.STADIUM_ID;

select SEAT_NUMBER AS SEATNO, CATEGORY_NAME AS CATEGORYNAME, STADIUM_NAME, LOCATION
from SEATS S, SEATCATEGORIES SC, STADIUM ST
WHERE S.CATEGORY_ID = SC.CATEGORY_ID
AND S.STADIUM_ID = ST.STADIUM_ID;

select SEAT_NUMBER AS SEATNO, CATEGORY_NAME AS CATEGORYNAME, PRICE, STADIUM_NAME, LOCATION
from SEATS S, SEATCATEGORIES SC, STADIUM ST
WHERE S.CATEGORY_ID = SC.CATEGORY_ID
AND S.STADIUM_ID = ST.STADIUM_ID
ORDER BY SEAT_NUMBER DESC;

select SEAT_NUMBER AS SEATNO, CATEGORY_NAME AS CATEGORYNAME
from SEATS S, SEATCATEGORIES SC, STADIUM ST
WHERE S.CATEGORY_ID = SC.CATEGORY_ID
AND S.STADIUM_ID = ST.STADIUM_ID
ORDER BY SEAT_NUMBER DESC;